{
    "classification_report": {
        "0": {
            "precision": 0.0,
            "recall": 0.0,
            "f1-score": 0.0,
            "support": 26.0
        },
        "1": {
            "precision": 0.30952380952380953,
            "recall": 0.65,
            "f1-score": 0.41935483870967744,
            "support": 20.0
        },
        "2": {
            "precision": 0.4166666666666667,
            "recall": 0.5,
            "f1-score": 0.45454545454545453,
            "support": 20.0
        },
        "accuracy": 0.3484848484848485,
        "macro avg": {
            "precision": 0.2420634920634921,
            "recall": 0.3833333333333333,
            "f1-score": 0.2913000977517107,
            "support": 66.0
        },
        "weighted avg": {
            "precision": 0.2200577200577201,
            "recall": 0.3484848484848485,
            "f1-score": 0.2648182706833733,
            "support": 66.0
        }
    },
    "roc_auc": 0.7623745819397992,
    "confusion_matrix": [
        [
            0,
            19,
            7
        ],
        [
            0,
            13,
            7
        ],
        [
            0,
            10,
            10
        ]
    ]
}